TsvHttpData-1.0		
https://raw.githubusercontent.com/cd-public/books/main/books.tsv	13686.0	LsmSmGeL2E4gA//qWYol7A==
https://raw.githubusercontent.com/cd-public/books/main/pg1342.txt	772420.0	xtdwhTPmubcKLV89msWZJQ==
https://raw.githubusercontent.com/cd-public/books/main/pg13600.txt	520308.0	ptXuazSN4lK+prADwgOftg==
https://raw.githubusercontent.com/cd-public/books/main/pg19699.txt	1946244.0	UM6LyAUCbrdkGZBLbHCWtw==
https://raw.githubusercontent.com/cd-public/books/main/pg19846.txt	2116739.0	0L5redYR85Bma7xF4LmxZA==
https://raw.githubusercontent.com/cd-public/books/main/pg27478.txt	1475672.0	5V3YYf9T2m6nAIAdJiD8AQ==
https://raw.githubusercontent.com/cd-public/books/main/pg27479.txt	1595825.0	eecteiuDZyJz3G9AhWbZmg==
https://raw.githubusercontent.com/cd-public/books/main/pg27480.txt	1499463.0	dpKOwB1OvJJjhjki2IQenA==
https://raw.githubusercontent.com/cd-public/books/main/pg30073.txt	486145.0	ZHY8f8QzR+WU+ljU4E6VXA==
https://raw.githubusercontent.com/cd-public/books/main/pg30685.txt	1004834.0	VHLBBa8vad6bzxoUkvsNaw==
https://raw.githubusercontent.com/cd-public/books/main/pg30935.txt	429882.0	AlOnDF0voQxvwlQF/WPU/w==
https://raw.githubusercontent.com/cd-public/books/main/pg30976.txt	66537.0	AU0AtOcxz/a5uBkWAllGmA==
https://raw.githubusercontent.com/cd-public/books/main/pg31156.txt	1176877.0	XphIk/FIqV1lpHGyY2EYpg==
https://raw.githubusercontent.com/cd-public/books/main/pg31329.txt	1296072.0	Db3sjP5XzyJE+0dryuRh7Q==
https://raw.githubusercontent.com/cd-public/books/main/pg31447.txt	1167342.0	jCKbToXl7SzKh0JwqpayKw==
https://raw.githubusercontent.com/cd-public/books/main/pg31641.txt	1173439.0	3Z64NdtQE1hpHx2LhsFrBA==
https://raw.githubusercontent.com/cd-public/books/main/pg31793.txt	1103794.0	WmPrUcUdJE+KyjFdbGKHCg==
https://raw.githubusercontent.com/cd-public/books/main/pg31855.txt	1135632.0	f+UBl5IzQPeA3UGSfZOC4Q==
https://raw.githubusercontent.com/cd-public/books/main/pg31950.txt	1000316.0	0IaNAQcNDCmpFtn3+I13Jw==
https://raw.githubusercontent.com/cd-public/books/main/pg32063.txt	367687.0	i7RY4aIBpuU3IaL/nyv3BA==
https://raw.githubusercontent.com/cd-public/books/main/pg32097.txt	775152.0	Z28rx6C51h52KN3awnQC+w==
https://raw.githubusercontent.com/cd-public/books/main/pg32182.txt	1067096.0	lAuxfXzEZfjXnYnISp2MQg==
https://raw.githubusercontent.com/cd-public/books/main/pg32294.txt	565917.0	/GlwQXdlkC5gVCOphyLgmg==
https://raw.githubusercontent.com/cd-public/books/main/pg32423.txt	1586198.0	x/fPgNV7A6MlFvhnyreHOg==
https://raw.githubusercontent.com/cd-public/books/main/pg32607.txt	1194974.0	uOTB+vcd0esrQi0paV9kfA==
https://raw.githubusercontent.com/cd-public/books/main/pg32689.txt	918339.0	uRrzngtJqHrbCr9BsxlM1Q==
https://raw.githubusercontent.com/cd-public/books/main/pg32758.txt	1140368.0	ybXU/Zx7Y37qre3k4AJvQQ==
https://raw.githubusercontent.com/cd-public/books/main/pg32783.txt	1176461.0	TGCpA6fa58HEJlTC1FV95Q==
https://raw.githubusercontent.com/cd-public/books/main/pg32860.txt	1197306.0	K9UmR1KLA4comz6U7/NinA==
https://raw.githubusercontent.com/cd-public/books/main/pg32940.txt	623124.0	2IDlUDxkBw42S3O/d4o5eQ==
https://raw.githubusercontent.com/cd-public/books/main/pg32975.txt	1104168.0	9yhL7bAIXJhMcjtkZrcqeA==
https://raw.githubusercontent.com/cd-public/books/main/pg33052.txt	1165992.0	MT6ZjXzLLlyQU45LH7kbOQ==
https://raw.githubusercontent.com/cd-public/books/main/pg33127.txt	1078735.0	D0P4ayOgrAkmDaZhIUW3+Q==
https://raw.githubusercontent.com/cd-public/books/main/pg33189.txt	1147379.0	ZE9s4+NA6aKbMLdCBMY7pQ==
https://raw.githubusercontent.com/cd-public/books/main/pg33239.txt	1516338.0	nLR6Ii7e+pAQyvlMlUaTZA==
https://raw.githubusercontent.com/cd-public/books/main/pg33295.txt	953716.0	kFQVz3+jE/XMEADrOwwu2g==
https://raw.githubusercontent.com/cd-public/books/main/pg33365.txt	949853.0	+gZaGzSYZi8T+tjSoPOM7w==
https://raw.githubusercontent.com/cd-public/books/main/pg33427.txt	1009305.0	H2oOKcbnIoV0Ik5+rsbPsQ==
https://raw.githubusercontent.com/cd-public/books/main/pg33477.txt	67085.0	vCXjtYuHMVnnV+cs3NxFIA==
https://raw.githubusercontent.com/cd-public/books/main/pg33550.txt	1114266.0	fYojtLvVMtcijLFpJ75c1Q==
https://raw.githubusercontent.com/cd-public/books/main/pg33614.txt	1120423.0	oUpETT1TpTdYXfLJJ3IViA==
https://raw.githubusercontent.com/cd-public/books/main/pg33698.txt	1098899.0	6zhkM1pmyYjUIleyQOpnoA==
https://raw.githubusercontent.com/cd-public/books/main/pg33750.txt	1203184.0	mEVP5VMmnmSysFny7daf5A==
https://raw.githubusercontent.com/cd-public/books/main/pg33991.txt	70144.0	uR1MXSAvqwYyIES8M0l+8A==
https://raw.githubusercontent.com/cd-public/books/main/pg34018.txt	1188677.0	CAvt5i7bGUaMD1YE/FAa1g==
https://raw.githubusercontent.com/cd-public/books/main/pg34047.txt	1188021.0	U7SWBXp983H8oclT/bBekA==
https://raw.githubusercontent.com/cd-public/books/main/pg34082.txt	1174627.0	zVtV+8pV5clVH6r07w1RbA==
https://raw.githubusercontent.com/cd-public/books/main/pg34116.txt	1230204.0	TTLYP3dk0I2F2fqogPqDsg==
https://raw.githubusercontent.com/cd-public/books/main/pg34162.txt	1215180.0	jsug9dTDqh6ot7iM3lFZ2A==
https://raw.githubusercontent.com/cd-public/books/main/pg34209.txt	1323414.0	9FKRLQFrI7fiQjJcqJuEMg==
https://raw.githubusercontent.com/cd-public/books/main/pg34312.txt	1260399.0	hnEMMsI+37lgivU2VYtQfw==
https://raw.githubusercontent.com/cd-public/books/main/pg34405.txt	1137075.0	ZoiVYR/y6Ceho6a1KWk1yA==
https://raw.githubusercontent.com/cd-public/books/main/pg34533.txt	1117324.0	ayIEsSEYq54VSAHzO1sJ+w==
https://raw.githubusercontent.com/cd-public/books/main/pg34612.txt	961950.0	BxSc1qucyw6ok4F+dR3fhw==
https://raw.githubusercontent.com/cd-public/books/main/pg34702.txt	1382940.0	cr3hlXwyyRwxEUBXyXj2uQ==
https://raw.githubusercontent.com/cd-public/books/main/pg34751.txt	1231486.0	nm8LJyIxrIvfrpEJ+hiwsQ==
https://raw.githubusercontent.com/cd-public/books/main/pg34878.txt	1071299.0	YpdUnLLLVMF1lyStdes4rw==
https://raw.githubusercontent.com/cd-public/books/main/pg34992.txt	1213234.0	oeujD7lBT6glENdOLxondg==
https://raw.githubusercontent.com/cd-public/books/main/pg35092.txt	987055.0	UfM7SYuJWMSxGTqCYM1WIA==
https://raw.githubusercontent.com/cd-public/books/main/pg35169.txt	1545004.0	6T9cjHkhNFpFpcT416VT5w==
https://raw.githubusercontent.com/cd-public/books/main/pg35236.txt	1090130.0	Zm7iN8lDXo2hOox5oXN2ow==
https://raw.githubusercontent.com/cd-public/books/main/pg35306.txt	1128493.0	7A6djdJG1+d7feNDCZa9YA==
https://raw.githubusercontent.com/cd-public/books/main/pg35398.txt	1279057.0	uRq3JaH36dfU1jYibtfPfg==
https://raw.githubusercontent.com/cd-public/books/main/pg35473.txt	1105084.0	BWMOgNg1k62pE4ISggDZEw==
https://raw.githubusercontent.com/cd-public/books/main/pg35561.txt	1167816.0	yaYOOO8IGT5AnSQe2ZR2rg==
https://raw.githubusercontent.com/cd-public/books/main/pg35606.txt	1101012.0	X9Z8s13i7ymvYSZTvZj5qA==
https://raw.githubusercontent.com/cd-public/books/main/pg35747.txt	1129426.0	aMnASOjxKj+AIk/h+b1fZQ==
https://raw.githubusercontent.com/cd-public/books/main/pg35925.txt	1122510.0	e1iyTbZI2vOdWdyMvblHLQ==
https://raw.githubusercontent.com/cd-public/books/main/pg36104.txt	1192252.0	e/qyH761wIbBj4AMa3AppA==
https://raw.githubusercontent.com/cd-public/books/main/pg36226.txt	480760.0	IXQkH6CkUKYolSEzGs1vnA==
https://raw.githubusercontent.com/cd-public/books/main/pg36452.txt	1179215.0	5/sPggv0Em9ZGI3NTZS0Fw==
https://raw.githubusercontent.com/cd-public/books/main/pg36735.txt	1264169.0	9wdJM3doqRnfmApVrOflzw==
https://raw.githubusercontent.com/cd-public/books/main/pg37064.txt	1255158.0	CitiPE9LsqzQFT5cfRf9bQ==
https://raw.githubusercontent.com/cd-public/books/main/pg37160.txt	1197377.0	7MegfHX7JkjkIMav68Tpkg==
https://raw.githubusercontent.com/cd-public/books/main/pg37282.txt	975243.0	cTWNgC/VX0ZKPfWqWNqhJA==
https://raw.githubusercontent.com/cd-public/books/main/pg37461.txt	1375531.0	ptvuQQE9i+pbPX/2grVnZA==
https://raw.githubusercontent.com/cd-public/books/main/pg37523.txt	1028329.0	hB6/NcxwdvF6lUMP+w1inw==
https://raw.githubusercontent.com/cd-public/books/main/pg37610.txt	956537.0	ur8rqEwTCRk7K0ELmamwFA==
https://raw.githubusercontent.com/cd-public/books/main/pg37736.txt	1304138.0	cZeMQraPkxypYBGiefdiDg==
https://raw.githubusercontent.com/cd-public/books/main/pg37806.txt	1079205.0	pk5OhUzjizPl0uh2ppimoQ==
https://raw.githubusercontent.com/cd-public/books/main/pg37880.txt	1242814.0	4rzTcuVHurV8F2qLvYCr7A==
https://raw.githubusercontent.com/cd-public/books/main/pg37984.txt	1148695.0	8/toMFrROK2LjR1IjftjRg==
https://raw.githubusercontent.com/cd-public/books/main/pg38143.txt	1124985.0	+SFusWbD938lYfq+k8vqjQ==
https://raw.githubusercontent.com/cd-public/books/main/pg38202.txt	1171341.0	N7/A5H88k0fA1XqFKfnplA==
https://raw.githubusercontent.com/cd-public/books/main/pg38304.txt	1192287.0	KkTlABGMk3kpWGPWkZPeCw==
https://raw.githubusercontent.com/cd-public/books/main/pg38401.txt	1013914.0	BRwNCHn4cq6cP0Sco/sCEQ==
https://raw.githubusercontent.com/cd-public/books/main/pg38454.txt	975721.0	FIJJoK7mboBCoB1ZBPywBQ==
https://raw.githubusercontent.com/cd-public/books/main/pg38539.txt	1195817.0	JE5kdeBTZD8DN2qivLFIGw==
https://raw.githubusercontent.com/cd-public/books/main/pg38622.txt	1119377.0	IWJWH70gBMu7rw3j8Lv8yg==
https://raw.githubusercontent.com/cd-public/books/main/pg38709.txt	1142091.0	dHdTjhiLlzQO1HA4pFfskQ==
https://raw.githubusercontent.com/cd-public/books/main/pg38799.txt	1194472.0	vA4xqAJNxV+F0q8UaUImzQ==
https://raw.githubusercontent.com/cd-public/books/main/pg38892.txt	1165548.0	U5fVK6gTNDP9nvynXBscHg==
https://raw.githubusercontent.com/cd-public/books/main/pg38964.txt	1072653.0	7Cz9dkxVsT7OPsHEXoyFxg==
https://raw.githubusercontent.com/cd-public/books/main/pg39029.txt	1065881.0	dchMGGNXJYz9X20mnp2lZA==
https://raw.githubusercontent.com/cd-public/books/main/pg39127.txt	1110043.0	dpFawIm7LsEvFesDnh9hQQ==
https://raw.githubusercontent.com/cd-public/books/main/pg39232.txt	1180527.0	h8MSKr6TwPP8dl1IqQtmRw==
https://raw.githubusercontent.com/cd-public/books/main/pg39353.txt	1209809.0	7/KkBpP5o8xaCxQ8XJOa8g==
https://raw.githubusercontent.com/cd-public/books/main/pg39435.txt	1134540.0	mbc0h2Awn49MPQDz1zXs0g==
https://raw.githubusercontent.com/cd-public/books/main/pg39521.txt	1176439.0	0kqt9q0wIhYsr0Fg8Bc8oQ==
https://raw.githubusercontent.com/cd-public/books/main/pg39632.txt	1185400.0	DW2lYR2ZKmGG5KFArIulNQ==
https://raw.githubusercontent.com/cd-public/books/main/pg39700.txt	608909.0	MTE1F/0gp424F1gUTlTWVg==
https://raw.githubusercontent.com/cd-public/books/main/pg39775.txt	1103770.0	qPAh9gP5EIZpAW31o9G/ew==
https://raw.githubusercontent.com/cd-public/books/main/pg39908.txt	1259688.0	5kjFBCUmPzWux014dT/faw==
https://raw.githubusercontent.com/cd-public/books/main/pg40009.txt	1125402.0	kRGQJkJiM5kM+wFrsUSEWw==
https://raw.githubusercontent.com/cd-public/books/main/pg40096.txt	1283293.0	bJwW39sIr4+dDj1l6EYpmQ==
https://raw.githubusercontent.com/cd-public/books/main/pg40156.txt	1197449.0	8hL7KK0ZkH4DpdFay5qDnQ==
https://raw.githubusercontent.com/cd-public/books/main/pg40370.txt	1203797.0	VQPHAP1etk6ANfONfLbIzw==
https://raw.githubusercontent.com/cd-public/books/main/pg40538.txt	1020871.0	2XdT1SZINToH1WuaNpO+Mw==
https://raw.githubusercontent.com/cd-public/books/main/pg40641.txt	1153414.0	rQO6sdFpqgfPTzBOfqMO0g==
https://raw.githubusercontent.com/cd-public/books/main/pg40769.txt	1145236.0	e4Zy46G75pHGeIry/uSgcw==
https://raw.githubusercontent.com/cd-public/books/main/pg40863.txt	1163514.0	NNZy9oeNWnxM1K17d8910Q==
https://raw.githubusercontent.com/cd-public/books/main/pg40956.txt	1145902.0	RhXnJL2A/tIi6LWTl/SC1g==
https://raw.githubusercontent.com/cd-public/books/main/pg41055.txt	1161509.0	uCs2ZfEohhRqx1Ov/SfOCw==
https://raw.githubusercontent.com/cd-public/books/main/pg41156.txt	1154031.0	Zz6FZgug3zlH4YlWpoetVg==
https://raw.githubusercontent.com/cd-public/books/main/pg41264.txt	1231847.0	McfO2Ffmyu1UF9vict0NFA==
https://raw.githubusercontent.com/cd-public/books/main/pg41343.txt	1186670.0	DLJRXXriXab5W3DcxI2DOQ==
https://raw.githubusercontent.com/cd-public/books/main/pg41472.txt	1110651.0	U+dQn1oGDjlptpUiCOkNPw==
https://raw.githubusercontent.com/cd-public/books/main/pg41567.txt	1219096.0	dZRe1VtvmRg10uJ/+Wh5Gw==
https://raw.githubusercontent.com/cd-public/books/main/pg41685.txt	1241724.0	E3CFN5kStJrchTR2gsdkrw==
https://raw.githubusercontent.com/cd-public/books/main/pg41773.txt	1145247.0	E6cLvoBMdlMa1oojAfoMDg==
https://raw.githubusercontent.com/cd-public/books/main/pg41902.txt	1198457.0	vr+AI0Ccz97e3fuC3kXxtQ==
https://raw.githubusercontent.com/cd-public/books/main/pg42048.txt	1179178.0	RZy+1hanvqbKb/e8BQjefA==
https://raw.githubusercontent.com/cd-public/books/main/pg42173.txt	1167897.0	297kadQItZhpUqsjhKoH8Q==
https://raw.githubusercontent.com/cd-public/books/main/pg42342.txt	1224191.0	uHC9og1z4MhA/lJt+95oNw==
https://raw.githubusercontent.com/cd-public/books/main/pg42473.txt	1234038.0	NZd9HPOt9gybJCvWUNk6fQ==
https://raw.githubusercontent.com/cd-public/books/main/pg42552.txt	1232766.0	lM6zT9VtH3geK/xCP3Qzuw==
https://raw.githubusercontent.com/cd-public/books/main/pg42638.txt	1187013.0	ewCBZ0sM8a01WGYkRjvhow==
https://raw.githubusercontent.com/cd-public/books/main/pg42736.txt	1182977.0	Jzpftie+2SB2RiEJEbLu9w==
https://raw.githubusercontent.com/cd-public/books/main/pg42854.txt	1184360.0	ixiap9mg0KnoreuVc0CsQA==
https://raw.githubusercontent.com/cd-public/books/main/pg43060.txt	1299805.0	bgKrkpcyfadGG6ZJV8E5pw==
https://raw.githubusercontent.com/cd-public/books/main/pg43254.txt	1179571.0	T7AdxFtjO21Az5LTZtFgkQ==
https://raw.githubusercontent.com/cd-public/books/main/pg43427.txt	1266781.0	4+BqElztFJHAINpNnJosSw==
https://raw.githubusercontent.com/cd-public/books/main/pg768.txt	693877.0	7YonogaWJGW+byajD6Onvw==
https://raw.githubusercontent.com/cd-public/books/main/pg84.txt	448937.0	YLg3bF9WshuDqhug9Pa8mg==
